TaskLabel,CompetencyRoles,DecimalHours,TaskDescription,gpt-4,gpt-4_reason,gpt-4o,gpt-4o_reason,gpt-3.5-turbo,gpt-3.5-turbo_reason,gpt-3.5-turbo-1106,gpt-3.5-turbo-1106_reason,gpt-4-0613,gpt-4-0613_reason
Coding,Software Engineer,2.0,"ALW-11668

- integrated updateAssessment API, worked on getting the dirty fields.
- send only dirtyfields in case of updateAssessment, disabled input for grade and subject when form is in edit mode.
- verified on local.",fail,No links or references related to the task are provided.,fail,Missing links or references related to the task.,pass,Complete description.,pass,Complete description.,fail,Missing links or references related to the task.
Coding,Software Engineer,2.0,"ALW-11668

- integrated updateAssessment API, worked on getting the dirty fields.
- send only dirtyfields in case of updateAssessment, disabled input for grade and subject when form is in edit mode.
- verified on local.",fail,No links or references related to the task are provided.,fail,Missing links or references related to the task.,pass,Complete description.,pass,Complete description.,fail,Missing links or references related to the task.
Coding,Software Engineer,2.0,"ALW-11668

- integrated updateAssessment API, worked on getting the dirty fields.
- send only dirtyfields in case of updateAssessment, disabled input for grade and subject when form is in edit mode.
- verified on local.",fail,No links or references related to the task are provided.,fail,Missing links or references related to the task.,pass,Complete description.,pass,Complete description.,fail,Missing links or references related to the task.
Coding,Software Engineer,2.0,"ALW-11668

- integrated updateAssessment API, worked on getting the dirty fields.
- send only dirtyfields in case of updateAssessment, disabled input for grade and subject when form is in edit mode.
- verified on local.",fail,No links or references related to the task are provided.,fail,Missing links or references related to the task.,pass,Complete description.,pass,Complete description.,fail,Missing links or references related to the task.
Coding,Software Engineer,2.0,"ALW-11668

- integrated updateAssessment API, worked on getting the dirty fields.
- send only dirtyfields in case of updateAssessment, disabled input for grade and subject when form is in edit mode.
- verified on local.",fail,No links or references related to the task are provided.,fail,Missing links or references related to the task.,pass,Complete description.,pass,Complete description.,fail,Missing links or references related to the task.
Meeting,Software Engineer,0.5,BSKYE-5860: Sync with Aqdas on ISOS status issues and its flow. + Desk check on local.,fail,Description lacks links or references related to the task.,fail,Lacks links or references related to the task.,fail,"Lacks context and details on Sync with Aqdas, ISOS status issues, and flow.",fail,Description lacks context and specific details about the ISOS status issues and its flow.,fail,No links or references related to the task.
Meeting,Software Engineer,0.5,BSKYE-5860: Sync with Aqdas on ISOS status issues and its flow. + Desk check on local.,fail,Description lacks links or references related to the task.,fail,Lacks links or references related to the task.,fail,"Lacks context and details on Sync with Aqdas, ISOS status issues, and flow.",fail,Description lacks context and specific details about the ISOS status issues and its flow.,fail,No links or references related to the task.
Meeting,Software Engineer,0.5,BSKYE-5860: Sync with Aqdas on ISOS status issues and its flow. + Desk check on local.,fail,Description lacks links or references related to the task.,fail,Lacks links or references related to the task.,fail,"Lacks context and details on Sync with Aqdas, ISOS status issues, and flow.",fail,Description lacks context and specific details about the ISOS status issues and its flow.,fail,No links or references related to the task.
Meeting,Software Engineer,0.5,BSKYE-5860: Sync with Aqdas on ISOS status issues and its flow. + Desk check on local.,fail,Description lacks links or references related to the task.,fail,Lacks links or references related to the task.,fail,"Lacks context and details on Sync with Aqdas, ISOS status issues, and flow.",fail,Description lacks context and specific details about the ISOS status issues and its flow.,fail,No links or references related to the task.
Meeting,Software Engineer,0.5,BSKYE-5860: Sync with Aqdas on ISOS status issues and its flow. + Desk check on local.,fail,Description lacks links or references related to the task.,fail,Lacks links or references related to the task.,fail,"Lacks context and details on Sync with Aqdas, ISOS status issues, and flow.",fail,Description lacks context and specific details about the ISOS status issues and its flow.,fail,No links or references related to the task.
Code Review,Software Engineer,0.5,New competency dashboard code review (my growth chart),fail,No links or references provided in the description.,fail,Description lacks context and references or links.,fail,Description lacks context and specific details on the competency dashboard code review.,fail,Description lacks context and doesn't provide clear information about the task.,fail,No links or references provided.
Code Review,Software Engineer,0.5,New competency dashboard code review (my growth chart),fail,No links or references provided in the description.,fail,Description lacks context and references or links.,fail,Description lacks context and specific details on the competency dashboard code review.,fail,Description lacks context and doesn't provide clear information about the task.,fail,No links or references provided.
Code Review,Software Engineer,0.5,New competency dashboard code review (my growth chart),fail,No links or references provided in the description.,fail,Description lacks context and references or links.,fail,Description lacks context and specific details on the competency dashboard code review.,fail,Description lacks context and doesn't provide clear information about the task.,fail,No links or references provided.
Code Review,Software Engineer,0.5,New competency dashboard code review (my growth chart),fail,No links or references provided in the description.,fail,Description lacks context and references or links.,fail,Description lacks context and specific details on the competency dashboard code review.,fail,Description lacks context and doesn't provide clear information about the task.,fail,No links or references provided.
Code Review,Software Engineer,0.5,New competency dashboard code review (my growth chart),fail,No links or references provided in the description.,fail,Description lacks context and references or links.,fail,Description lacks context and specific details on the competency dashboard code review.,fail,Description lacks context and doesn't provide clear information about the task.,fail,No links or references provided.
Debugging,Software Engineer,1.0,P0#MID-32800: Provided Update on QA issues.,fail,Missing links or references related to the task.,fail,Missing links or references related to the task.,pass,Complete description.,pass,Complete description.,fail,Missing links or references related to the task.
Debugging,Software Engineer,1.0,P0#MID-32800: Provided Update on QA issues.,fail,Missing links or references related to the task.,fail,Missing links or references related to the task.,pass,Complete description.,pass,Complete description.,fail,Missing links or references related to the task.
Debugging,Software Engineer,1.0,P0#MID-32800: Provided Update on QA issues.,fail,Missing links or references related to the task.,fail,Missing links or references related to the task.,pass,Complete description.,pass,Complete description.,fail,Missing links or references related to the task.
Debugging,Software Engineer,1.0,P0#MID-32800: Provided Update on QA issues.,fail,Missing links or references related to the task.,fail,Missing links or references related to the task.,pass,Complete description.,pass,Complete description.,fail,Missing links or references related to the task.
Debugging,Software Engineer,1.0,P0#MID-32800: Provided Update on QA issues.,fail,Missing links or references related to the task.,fail,Missing links or references related to the task.,pass,Complete description.,pass,Complete description.,fail,Missing links or references related to the task.
Course Authoring,Course Author,0.25,Chapter 8: Text updated in teacher page + verifying with book.,fail,No links or references provided in the task.,fail,Lacks links or references related to the task.,fail,Lacks specific details and references for verification.,fail,Description lacks clarity and context. No mention of specific updates or verification process.,fail,No links or references included in the description.
Course Authoring,Course Author,0.25,Chapter 8: Text updated in teacher page + verifying with book.,fail,No links or references provided in the task.,fail,Lacks links or references related to the task.,fail,Lacks specific details and references for verification.,fail,Description lacks clarity and context. No mention of specific updates or verification process.,fail,No links or references included in the description.
Course Authoring,Course Author,0.25,Chapter 8: Text updated in teacher page + verifying with book.,fail,No links or references provided in the task.,fail,Lacks links or references related to the task.,fail,Lacks specific details and references for verification.,fail,Description lacks clarity and context. No mention of specific updates or verification process.,fail,No links or references included in the description.
Course Authoring,Course Author,0.25,Chapter 8: Text updated in teacher page + verifying with book.,fail,No links or references provided in the task.,fail,Lacks links or references related to the task.,fail,Lacks specific details and references for verification.,fail,Description lacks clarity and context. No mention of specific updates or verification process.,fail,No links or references included in the description.
Course Authoring,Course Author,0.25,Chapter 8: Text updated in teacher page + verifying with book.,fail,No links or references provided in the task.,fail,Lacks links or references related to the task.,fail,Lacks specific details and references for verification.,fail,Description lacks clarity and context. No mention of specific updates or verification process.,fail,No links or references included in the description.
Debugging,Data Engineer,2.0,"Debugged Biotime record for amna maqbool, did RCA on it. discussed interesting findings with irfan",fail,No links or references related to the task.,fail,Missing links or references related to the task.,fail,Lacks specific details and references for RCA and findings discussion.,fail,Lacks context and specific details about the findings or the RCA process.,fail,No links or references related to the task.
Debugging,Data Engineer,2.0,"Debugged Biotime record for amna maqbool, did RCA on it. discussed interesting findings with irfan",fail,No links or references related to the task.,fail,Missing links or references related to the task.,fail,Lacks specific details and references for RCA and findings discussion.,fail,Lacks context and specific details about the findings or the RCA process.,fail,No links or references related to the task.
Debugging,Data Engineer,2.0,"Debugged Biotime record for amna maqbool, did RCA on it. discussed interesting findings with irfan",fail,No links or references related to the task.,fail,Missing links or references related to the task.,fail,Lacks specific details and references for RCA and findings discussion.,fail,Lacks context and specific details about the findings or the RCA process.,fail,No links or references related to the task.
Debugging,Data Engineer,2.0,"Debugged Biotime record for amna maqbool, did RCA on it. discussed interesting findings with irfan",fail,No links or references related to the task.,fail,Missing links or references related to the task.,fail,Lacks specific details and references for RCA and findings discussion.,fail,Lacks context and specific details about the findings or the RCA process.,fail,No links or references related to the task.
Debugging,Data Engineer,2.0,"Debugged Biotime record for amna maqbool, did RCA on it. discussed interesting findings with irfan",fail,No links or references related to the task.,fail,Missing links or references related to the task.,fail,Lacks specific details and references for RCA and findings discussion.,fail,Lacks context and specific details about the findings or the RCA process.,fail,No links or references related to the task.
Testing,QA,0.5,"Verified ""1757 [Bug][P1] - In Extraction Criteria → Filter → Select Field dropdown, when a user changes the selected field, the corresponding filter in the query box gets appended instead of replacing the previous one."" on QA",fail,No links or references included.,fail,Lacks links or references related to the task.,pass,Complete description.,pass,Complete description.,fail,No references or links provided in the task.
Testing,QA,0.5,"Verified ""1757 [Bug][P1] - In Extraction Criteria → Filter → Select Field dropdown, when a user changes the selected field, the corresponding filter in the query box gets appended instead of replacing the previous one."" on QA",fail,No links or references included.,fail,Lacks links or references related to the task.,pass,Complete description.,pass,Complete description.,fail,No references or links provided in the task.
Testing,QA,0.5,"Verified ""1757 [Bug][P1] - In Extraction Criteria → Filter → Select Field dropdown, when a user changes the selected field, the corresponding filter in the query box gets appended instead of replacing the previous one."" on QA",fail,No links or references included.,fail,Lacks links or references related to the task.,pass,Complete description.,pass,Complete description.,fail,No references or links provided in the task.
Testing,QA,0.5,"Verified ""1757 [Bug][P1] - In Extraction Criteria → Filter → Select Field dropdown, when a user changes the selected field, the corresponding filter in the query box gets appended instead of replacing the previous one."" on QA",fail,No links or references included.,fail,Lacks links or references related to the task.,pass,Complete description.,pass,Complete description.,fail,No references or links provided in the task.
Testing,QA,0.5,"Verified ""1757 [Bug][P1] - In Extraction Criteria → Filter → Select Field dropdown, when a user changes the selected field, the corresponding filter in the query box gets appended instead of replacing the previous one."" on QA",fail,No links or references included.,fail,Lacks links or references related to the task.,pass,Complete description.,pass,Complete description.,fail,No references or links provided in the task.
Coding,Software Engineer,2.0,PROD-3295: Field Tracker for Programs: Implementation: Propagate Course Changes to Program,fail,No links or references related to the task.,fail,Lacks links or references related to the task.,pass,Complete description.,pass,Complete description.,fail,No links or references related to the task.
Coding,Software Engineer,2.0,PROD-3295: Field Tracker for Programs: Implementation: Propagate Course Changes to Program,fail,No links or references related to the task.,fail,Lacks links or references related to the task.,pass,Complete description.,pass,Complete description.,fail,No links or references related to the task.
Coding,Software Engineer,2.0,PROD-3295: Field Tracker for Programs: Implementation: Propagate Course Changes to Program,fail,No links or references related to the task.,fail,Lacks links or references related to the task.,pass,Complete description.,pass,Complete description.,fail,No links or references related to the task.
Coding,Software Engineer,2.0,PROD-3295: Field Tracker for Programs: Implementation: Propagate Course Changes to Program,fail,No links or references related to the task.,fail,Lacks links or references related to the task.,pass,Complete description.,pass,Complete description.,fail,No links or references related to the task.
Coding,Software Engineer,2.0,PROD-3295: Field Tracker for Programs: Implementation: Propagate Course Changes to Program,fail,No links or references related to the task.,fail,Lacks links or references related to the task.,pass,Complete description.,pass,Complete description.,fail,No links or references related to the task.
Meeting,Software Engineer,1.08,Huddle with bilal.ahmad02 on lesson chapter creation issue and fix,fail,Description lacks links or references related to the task.,fail,Description lacks links or references.,fail,Lacks clarity and context about the issue discussed with Bilal.ahmad02.,fail,Lacks specific details and context about the issue and resolution discussed in the huddle.,fail,No links or references related to the task included.
Meeting,Software Engineer,1.08,Huddle with bilal.ahmad02 on lesson chapter creation issue and fix,fail,Description lacks links or references related to the task.,fail,Description lacks links or references.,fail,Lacks clarity and context about the issue discussed with Bilal.ahmad02.,fail,Lacks specific details and context about the issue and resolution discussed in the huddle.,fail,No links or references related to the task included.
Meeting,Software Engineer,1.08,Huddle with bilal.ahmad02 on lesson chapter creation issue and fix,fail,Description lacks links or references related to the task.,fail,Description lacks links or references.,fail,Lacks clarity and context about the issue discussed with Bilal.ahmad02.,fail,Lacks specific details and context about the issue and resolution discussed in the huddle.,fail,No links or references related to the task included.
Meeting,Software Engineer,1.08,Huddle with bilal.ahmad02 on lesson chapter creation issue and fix,fail,Description lacks links or references related to the task.,fail,Description lacks links or references.,fail,Lacks clarity and context about the issue discussed with Bilal.ahmad02.,fail,Lacks specific details and context about the issue and resolution discussed in the huddle.,fail,No links or references related to the task included.
Meeting,Software Engineer,1.08,Huddle with bilal.ahmad02 on lesson chapter creation issue and fix,fail,Description lacks links or references related to the task.,fail,Description lacks links or references.,fail,Lacks clarity and context about the issue discussed with Bilal.ahmad02.,fail,Lacks specific details and context about the issue and resolution discussed in the huddle.,fail,No links or references related to the task included.
Documentation,Software Engineer,0.17,Sent the invite to cell-soft for tuesday 8:30 am tomorrow.,fail,Description does not include any links or references.,fail,Lacks context and references or links.,fail,"Lacks context and details like purpose, recipient, or method of sending the invite.",fail,Description lacks context and does not include relevant links or references.,fail,No links or references included in the task.
Documentation,Software Engineer,0.17,Sent the invite to cell-soft for tuesday 8:30 am tomorrow.,fail,Description does not include any links or references.,fail,Lacks context and references or links.,fail,"Lacks context and details like purpose, recipient, or method of sending the invite.",fail,Description lacks context and does not include relevant links or references.,fail,No links or references included in the task.
Documentation,Software Engineer,0.17,Sent the invite to cell-soft for tuesday 8:30 am tomorrow.,fail,Description does not include any links or references.,fail,Lacks context and references or links.,fail,"Lacks context and details like purpose, recipient, or method of sending the invite.",fail,Description lacks context and does not include relevant links or references.,fail,No links or references included in the task.
Documentation,Software Engineer,0.17,Sent the invite to cell-soft for tuesday 8:30 am tomorrow.,fail,Description does not include any links or references.,fail,Lacks context and references or links.,fail,"Lacks context and details like purpose, recipient, or method of sending the invite.",fail,Description lacks context and does not include relevant links or references.,fail,No links or references included in the task.
Documentation,Software Engineer,0.17,Sent the invite to cell-soft for tuesday 8:30 am tomorrow.,fail,Description does not include any links or references.,fail,Lacks context and references or links.,fail,"Lacks context and details like purpose, recipient, or method of sending the invite.",fail,Description lacks context and does not include relevant links or references.,fail,No links or references included in the task.
Course Authoring,Course Author,0.58,"G4 C9: Dua, Islamic nukta nazar slides updated.",fail,No links or references included in the description.,fail,Lacks links or references related to the task.,fail,"Description lacks clarity and context, missing links or references to the task.",fail,Description lacks context and clarity. It's unclear what the task is about and what updates were made.,fail,No links or references related to the task.
Course Authoring,Course Author,0.58,"G4 C9: Dua, Islamic nukta nazar slides updated.",fail,No links or references included in the description.,fail,Lacks links or references related to the task.,fail,"Description lacks clarity and context, missing links or references to the task.",fail,Description lacks context and clarity. It's unclear what the task is about and what updates were made.,fail,No links or references related to the task.
Course Authoring,Course Author,0.58,"G4 C9: Dua, Islamic nukta nazar slides updated.",fail,No links or references included in the description.,fail,Lacks links or references related to the task.,fail,"Description lacks clarity and context, missing links or references to the task.",fail,Description lacks context and clarity. It's unclear what the task is about and what updates were made.,fail,No links or references related to the task.
Course Authoring,Course Author,0.58,"G4 C9: Dua, Islamic nukta nazar slides updated.",fail,No links or references included in the description.,fail,Lacks links or references related to the task.,fail,"Description lacks clarity and context, missing links or references to the task.",fail,Description lacks context and clarity. It's unclear what the task is about and what updates were made.,fail,No links or references related to the task.
Course Authoring,Course Author,0.58,"G4 C9: Dua, Islamic nukta nazar slides updated.",fail,No links or references included in the description.,fail,Lacks links or references related to the task.,fail,"Description lacks clarity and context, missing links or references to the task.",fail,Description lacks context and clarity. It's unclear what the task is about and what updates were made.,fail,No links or references related to the task.
Standup,QA,0.5,Charge Code [Z8107430] - [Reporting & Impact (Build)][DOMOAcademy Data Team Daily Scrum Meeting,fail,Missing links or references related to task.,fail,Lacks context and does not include links or references.,fail,Description lacks context and specific details.,fail,Description lacks clarity and context.,fail,Missing links or references related to the task.
Standup,QA,0.5,Charge Code [Z8107430] - [Reporting & Impact (Build)][DOMOAcademy Data Team Daily Scrum Meeting,fail,Missing links or references related to task.,fail,Lacks context and does not include links or references.,fail,Description lacks context and specific details.,fail,Description lacks clarity and context.,fail,Missing links or references related to the task.
Standup,QA,0.5,Charge Code [Z8107430] - [Reporting & Impact (Build)][DOMOAcademy Data Team Daily Scrum Meeting,fail,Missing links or references related to task.,fail,Lacks context and does not include links or references.,fail,Description lacks context and specific details.,fail,Description lacks clarity and context.,fail,Missing links or references related to the task.
Standup,QA,0.5,Charge Code [Z8107430] - [Reporting & Impact (Build)][DOMOAcademy Data Team Daily Scrum Meeting,fail,Missing links or references related to task.,fail,Lacks context and does not include links or references.,fail,Description lacks context and specific details.,fail,Description lacks clarity and context.,fail,Missing links or references related to the task.
Standup,QA,0.5,Charge Code [Z8107430] - [Reporting & Impact (Build)][DOMOAcademy Data Team Daily Scrum Meeting,fail,Missing links or references related to task.,fail,Lacks context and does not include links or references.,fail,Description lacks context and specific details.,fail,Description lacks clarity and context.,fail,Missing links or references related to the task.
Coding,Software Engineer,0.5,HealthKit steps fetching process code clean,fail,Description lacks context and does not include any links or references.,fail,Description lacks context and references.,fail,Description lacks details and specific tasks related to HealthKit steps fetching process.,fail,Description lacks context and specific details about the HealthKit steps fetching process.,fail,Description lacks context and reference links.
Coding,Software Engineer,0.5,HealthKit steps fetching process code clean,fail,Description lacks context and does not include any links or references.,fail,Description lacks context and references.,fail,Description lacks details and specific tasks related to HealthKit steps fetching process.,fail,Description lacks context and specific details about the HealthKit steps fetching process.,fail,Description lacks context and reference links.
Coding,Software Engineer,0.5,HealthKit steps fetching process code clean,fail,Description lacks context and does not include any links or references.,fail,Description lacks context and references.,fail,Description lacks details and specific tasks related to HealthKit steps fetching process.,fail,Description lacks context and specific details about the HealthKit steps fetching process.,fail,Description lacks context and reference links.
Coding,Software Engineer,0.5,HealthKit steps fetching process code clean,fail,Description lacks context and does not include any links or references.,fail,Description lacks context and references.,fail,Description lacks details and specific tasks related to HealthKit steps fetching process.,fail,Description lacks context and specific details about the HealthKit steps fetching process.,fail,Description lacks context and reference links.
Coding,Software Engineer,0.5,HealthKit steps fetching process code clean,fail,Description lacks context and does not include any links or references.,fail,Description lacks context and references.,fail,Description lacks details and specific tasks related to HealthKit steps fetching process.,fail,Description lacks context and specific details about the HealthKit steps fetching process.,fail,Description lacks context and reference links.
Testing,QA,0.67,Title and info icon alignment and scrolling issue bug.,fail,No links or references related to the task included.,fail,Description lacks context and references or links.,fail,Lacks specificity and details about the issue.,fail,"Description lacks clarity and context, does not mention the task's alignment and scrolling issues.",fail,No links or references provided in description.
Testing,QA,0.67,Title and info icon alignment and scrolling issue bug.,fail,No links or references related to the task included.,fail,Description lacks context and references or links.,fail,Lacks specificity and details about the issue.,fail,"Description lacks clarity and context, does not mention the task's alignment and scrolling issues.",fail,No links or references provided in description.
Testing,QA,0.67,Title and info icon alignment and scrolling issue bug.,fail,No links or references related to the task included.,fail,Description lacks context and references or links.,fail,Lacks specificity and details about the issue.,fail,"Description lacks clarity and context, does not mention the task's alignment and scrolling issues.",fail,No links or references provided in description.
Testing,QA,0.67,Title and info icon alignment and scrolling issue bug.,fail,No links or references related to the task included.,fail,Description lacks context and references or links.,fail,Lacks specificity and details about the issue.,fail,"Description lacks clarity and context, does not mention the task's alignment and scrolling issues.",fail,No links or references provided in description.
Testing,QA,0.67,Title and info icon alignment and scrolling issue bug.,fail,No links or references related to the task included.,fail,Description lacks context and references or links.,fail,Lacks specificity and details about the issue.,fail,"Description lacks clarity and context, does not mention the task's alignment and scrolling issues.",fail,No links or references provided in description.
User Testing,Software Engineer,1.58,"psb - results, supervisor tags, nationals registration, receipts",fail,Description lacks context and references.,fail,Description lacks context and references.,fail,"Description lacks clarity and context, doesn't include details or links related to the mentioned tasks.",fail,Description is unclear and lacks context and references related to the task.,fail,Description lacks context and references.
User Testing,Software Engineer,1.58,"psb - results, supervisor tags, nationals registration, receipts",fail,Description lacks context and references.,fail,Description lacks context and references.,fail,"Description lacks clarity and context, doesn't include details or links related to the mentioned tasks.",fail,Description is unclear and lacks context and references related to the task.,fail,Description lacks context and references.
User Testing,Software Engineer,1.58,"psb - results, supervisor tags, nationals registration, receipts",fail,Description lacks context and references.,fail,Description lacks context and references.,fail,"Description lacks clarity and context, doesn't include details or links related to the mentioned tasks.",fail,Description is unclear and lacks context and references related to the task.,fail,Description lacks context and references.
User Testing,Software Engineer,1.58,"psb - results, supervisor tags, nationals registration, receipts",fail,Description lacks context and references.,fail,Description lacks context and references.,fail,"Description lacks clarity and context, doesn't include details or links related to the mentioned tasks.",fail,Description is unclear and lacks context and references related to the task.,fail,Description lacks context and references.
User Testing,Software Engineer,1.58,"psb - results, supervisor tags, nationals registration, receipts",fail,Description lacks context and references.,fail,Description lacks context and references.,fail,"Description lacks clarity and context, doesn't include details or links related to the mentioned tasks.",fail,Description is unclear and lacks context and references related to the task.,fail,Description lacks context and references.
Reporting/Analysis,QA,0.42,Share the performance testing based flows with naveed saleem over the slack,fail,No links or references related to the task are included.,fail,Description lacks links or references and context.,fail,"Lacks clarity and specifics, no mention of performance testing or related flows.",fail,Lacks specific details and context about the performance testing based flows.,fail,No links or references provided.
Reporting/Analysis,QA,0.42,Share the performance testing based flows with naveed saleem over the slack,fail,No links or references related to the task are included.,fail,Description lacks links or references and context.,fail,"Lacks clarity and specifics, no mention of performance testing or related flows.",fail,Lacks specific details and context about the performance testing based flows.,fail,No links or references provided.
Reporting/Analysis,QA,0.42,Share the performance testing based flows with naveed saleem over the slack,fail,No links or references related to the task are included.,fail,Description lacks links or references and context.,fail,"Lacks clarity and specifics, no mention of performance testing or related flows.",fail,Lacks specific details and context about the performance testing based flows.,fail,No links or references provided.
Reporting/Analysis,QA,0.42,Share the performance testing based flows with naveed saleem over the slack,fail,No links or references related to the task are included.,fail,Description lacks links or references and context.,fail,"Lacks clarity and specifics, no mention of performance testing or related flows.",fail,Lacks specific details and context about the performance testing based flows.,fail,No links or references provided.
Reporting/Analysis,QA,0.42,Share the performance testing based flows with naveed saleem over the slack,fail,No links or references related to the task are included.,fail,Description lacks links or references and context.,fail,"Lacks clarity and specifics, no mention of performance testing or related flows.",fail,Lacks specific details and context about the performance testing based flows.,fail,No links or references provided.
Documentation,IT,0.5,IP Assignment - Main Office - Lahore,fail,No links or references provided in the task.,fail,Description lacks context and references.,pass,Complete description.,pass,Complete description.,fail,No links or references provided in the description.
Documentation,IT,0.5,IP Assignment - Main Office - Lahore,fail,No links or references provided in the task.,fail,Description lacks context and references.,pass,Complete description.,pass,Complete description.,fail,No links or references provided in the description.
Documentation,IT,0.5,IP Assignment - Main Office - Lahore,fail,No links or references provided in the task.,fail,Description lacks context and references.,pass,Complete description.,pass,Complete description.,fail,No links or references provided in the description.
Documentation,IT,0.5,IP Assignment - Main Office - Lahore,fail,No links or references provided in the task.,fail,Description lacks context and references.,pass,Complete description.,pass,Complete description.,fail,No links or references provided in the description.
Documentation,IT,0.5,IP Assignment - Main Office - Lahore,fail,No links or references provided in the task.,fail,Description lacks context and references.,pass,Complete description.,pass,Complete description.,fail,No links or references provided in the description.
Team Discussion,QA,0.43,Huddle with hamza.zahid related to Skygen ticket; BOT-680,fail,No links or references related to the task.,fail,Lacks links or references related to the task.,pass,Complete description.,fail,Description lacks context and specific details about the huddle or the Skygen ticket.,fail,No links or references included in description.
Team Discussion,QA,0.43,Huddle with hamza.zahid related to Skygen ticket; BOT-680,fail,No links or references related to the task.,fail,Lacks links or references related to the task.,pass,Complete description.,fail,Description lacks context and specific details about the huddle or the Skygen ticket.,fail,No links or references included in description.
Team Discussion,QA,0.43,Huddle with hamza.zahid related to Skygen ticket; BOT-680,fail,No links or references related to the task.,fail,Lacks links or references related to the task.,pass,Complete description.,fail,Description lacks context and specific details about the huddle or the Skygen ticket.,fail,No links or references included in description.
Team Discussion,QA,0.43,Huddle with hamza.zahid related to Skygen ticket; BOT-680,fail,No links or references related to the task.,fail,Lacks links or references related to the task.,pass,Complete description.,fail,Description lacks context and specific details about the huddle or the Skygen ticket.,fail,No links or references included in description.
Team Discussion,QA,0.43,Huddle with hamza.zahid related to Skygen ticket; BOT-680,fail,No links or references related to the task.,fail,Lacks links or references related to the task.,pass,Complete description.,fail,Description lacks context and specific details about the huddle or the Skygen ticket.,fail,No links or references included in description.
Coding,Software Engineer,3.0,Added categories to glossary. Asana Ticket: https://app.asana.com/1/1201629421181554/project/1210236830519841/task/1210237072713230?focus=true,pass,Complete description.,pass,Complete description.,pass,Complete description.,pass,Complete description.,pass,Complete description.
Coding,Software Engineer,3.0,Added categories to glossary. Asana Ticket: https://app.asana.com/1/1201629421181554/project/1210236830519841/task/1210237072713230?focus=true,pass,Complete description.,pass,Complete description.,pass,Complete description.,pass,Complete description.,pass,Complete description.
Coding,Software Engineer,3.0,Added categories to glossary. Asana Ticket: https://app.asana.com/1/1201629421181554/project/1210236830519841/task/1210237072713230?focus=true,pass,Complete description.,pass,Complete description.,pass,Complete description.,pass,Complete description.,pass,Complete description.
Coding,Software Engineer,3.0,Added categories to glossary. Asana Ticket: https://app.asana.com/1/1201629421181554/project/1210236830519841/task/1210237072713230?focus=true,pass,Complete description.,pass,Complete description.,pass,Complete description.,pass,Complete description.,pass,Complete description.
Coding,Software Engineer,3.0,Added categories to glossary. Asana Ticket: https://app.asana.com/1/1201629421181554/project/1210236830519841/task/1210237072713230?focus=true,pass,Complete description.,pass,Complete description.,pass,Complete description.,pass,Complete description.,pass,Complete description.
Meeting,POD,1.0,Fresh Hiring & Hiresprint 2025: CT Test Composition,fail,Description lacks context and references.,fail,Description lacks links and context.,pass,Complete description.,pass,Complete description.,fail,No links or references provided in the description.
Meeting,POD,1.0,Fresh Hiring & Hiresprint 2025: CT Test Composition,fail,Description lacks context and references.,fail,Description lacks links and context.,pass,Complete description.,pass,Complete description.,fail,No links or references provided in the description.
Meeting,POD,1.0,Fresh Hiring & Hiresprint 2025: CT Test Composition,fail,Description lacks context and references.,fail,Description lacks links and context.,pass,Complete description.,pass,Complete description.,fail,No links or references provided in the description.
Meeting,POD,1.0,Fresh Hiring & Hiresprint 2025: CT Test Composition,fail,Description lacks context and references.,fail,Description lacks links and context.,pass,Complete description.,pass,Complete description.,fail,No links or references provided in the description.
Meeting,POD,1.0,Fresh Hiring & Hiresprint 2025: CT Test Composition,fail,Description lacks context and references.,fail,Description lacks links and context.,pass,Complete description.,pass,Complete description.,fail,No links or references provided in the description.
Coding,Software Engineer,2.42,[Web-3400] - Handle sentry error for sessions,fail,No links or references related to the task are included.,fail,Lacks links or references related to the task.,pass,Complete description.,pass,Complete description.,fail,Description lacks links or references related to the task.
Coding,Software Engineer,2.42,[Web-3400] - Handle sentry error for sessions,fail,No links or references related to the task are included.,fail,Lacks links or references related to the task.,pass,Complete description.,pass,Complete description.,fail,Description lacks links or references related to the task.
Coding,Software Engineer,2.42,[Web-3400] - Handle sentry error for sessions,fail,No links or references related to the task are included.,fail,Lacks links or references related to the task.,pass,Complete description.,pass,Complete description.,fail,Description lacks links or references related to the task.
Coding,Software Engineer,2.42,[Web-3400] - Handle sentry error for sessions,fail,No links or references related to the task are included.,fail,Lacks links or references related to the task.,pass,Complete description.,pass,Complete description.,fail,Description lacks links or references related to the task.
Coding,Software Engineer,2.42,[Web-3400] - Handle sentry error for sessions,fail,No links or references related to the task are included.,fail,Lacks links or references related to the task.,pass,Complete description.,pass,Complete description.,fail,Description lacks links or references related to the task.
Meeting,QA Support,0.25,Discussion on Agoda card fee cases in KR flights,fail,No links or references included in the task.,fail,Description lacks links or references.,pass,Complete description.,fail,Lacks context and references related to the discussion on Agoda card fee cases in KR flights.,fail,No links or references related to the task.
Meeting,QA Support,0.25,Discussion on Agoda card fee cases in KR flights,fail,No links or references included in the task.,fail,Description lacks links or references.,pass,Complete description.,fail,Lacks context and references related to the discussion on Agoda card fee cases in KR flights.,fail,No links or references related to the task.
Meeting,QA Support,0.25,Discussion on Agoda card fee cases in KR flights,fail,No links or references included in the task.,fail,Description lacks links or references.,pass,Complete description.,fail,Lacks context and references related to the discussion on Agoda card fee cases in KR flights.,fail,No links or references related to the task.
Meeting,QA Support,0.25,Discussion on Agoda card fee cases in KR flights,fail,No links or references included in the task.,fail,Description lacks links or references.,pass,Complete description.,fail,Lacks context and references related to the discussion on Agoda card fee cases in KR flights.,fail,No links or references related to the task.
Meeting,QA Support,0.25,Discussion on Agoda card fee cases in KR flights,fail,No links or references included in the task.,fail,Description lacks links or references.,pass,Complete description.,fail,Lacks context and references related to the discussion on Agoda card fee cases in KR flights.,fail,No links or references related to the task.
Course Authoring,Course Author,1.0,"applied animations, standards and designed slides",fail,No links or references provided in the description.,fail,Lacks context and references or links.,fail,"Description lacks details and context, no mention of specific animations, standards, or slides.",fail,"Description lacks clarity and context, doesn't include details about the applied animations, standards, or designed slides.",fail,Missing links or references related to the task.
Course Authoring,Course Author,1.0,"applied animations, standards and designed slides",fail,No links or references provided in the description.,fail,Lacks context and references or links.,fail,"Description lacks details and context, no mention of specific animations, standards, or slides.",fail,"Description lacks clarity and context, doesn't include details about the applied animations, standards, or designed slides.",fail,Missing links or references related to the task.
Course Authoring,Course Author,1.0,"applied animations, standards and designed slides",fail,No links or references provided in the description.,fail,Lacks context and references or links.,fail,"Description lacks details and context, no mention of specific animations, standards, or slides.",fail,"Description lacks clarity and context, doesn't include details about the applied animations, standards, or designed slides.",fail,Missing links or references related to the task.
Course Authoring,Course Author,1.0,"applied animations, standards and designed slides",fail,No links or references provided in the description.,fail,Lacks context and references or links.,fail,"Description lacks details and context, no mention of specific animations, standards, or slides.",fail,"Description lacks clarity and context, doesn't include details about the applied animations, standards, or designed slides.",fail,Missing links or references related to the task.
Course Authoring,Course Author,1.0,"applied animations, standards and designed slides",fail,No links or references provided in the description.,fail,Lacks context and references or links.,fail,"Description lacks details and context, no mention of specific animations, standards, or slides.",fail,"Description lacks clarity and context, doesn't include details about the applied animations, standards, or designed slides.",fail,Missing links or references related to the task.
Coding,Software Engineer,2.0,Add unittests for email methods and complete it's coverage (Course Deadline Email),fail,No links or references related to the task provided.,fail,Lacks links or references related to the task.,pass,Complete description.,fail,Description lacks context and specific details about the email methods and their coverage.,fail,No links or references related to the task.
Coding,Software Engineer,2.0,Add unittests for email methods and complete it's coverage (Course Deadline Email),fail,No links or references related to the task provided.,fail,Lacks links or references related to the task.,pass,Complete description.,fail,Description lacks context and specific details about the email methods and their coverage.,fail,No links or references related to the task.
Coding,Software Engineer,2.0,Add unittests for email methods and complete it's coverage (Course Deadline Email),fail,No links or references related to the task provided.,fail,Lacks links or references related to the task.,pass,Complete description.,fail,Description lacks context and specific details about the email methods and their coverage.,fail,No links or references related to the task.
Coding,Software Engineer,2.0,Add unittests for email methods and complete it's coverage (Course Deadline Email),fail,No links or references related to the task provided.,fail,Lacks links or references related to the task.,pass,Complete description.,fail,Description lacks context and specific details about the email methods and their coverage.,fail,No links or references related to the task.
Coding,Software Engineer,2.0,Add unittests for email methods and complete it's coverage (Course Deadline Email),fail,No links or references related to the task provided.,fail,Lacks links or references related to the task.,pass,Complete description.,fail,Description lacks context and specific details about the email methods and their coverage.,fail,No links or references related to the task.
Coding,Software Engineer,0.25,Submit Handler (fix): aud not found issue fixed,fail,Description lacks links or references related to the task.,fail,Description lacks context and does not include links or references.,fail,Description lacks context and specific details about the 'aud not found' issue.,pass,Complete description.,fail,No links or references related to the task included.
Coding,Software Engineer,0.25,Submit Handler (fix): aud not found issue fixed,fail,Description lacks links or references related to the task.,fail,Description lacks context and does not include links or references.,fail,Description lacks context and specific details about the 'aud not found' issue.,pass,Complete description.,fail,No links or references related to the task included.
Coding,Software Engineer,0.25,Submit Handler (fix): aud not found issue fixed,fail,Description lacks links or references related to the task.,fail,Description lacks context and does not include links or references.,fail,Description lacks context and specific details about the 'aud not found' issue.,pass,Complete description.,fail,No links or references related to the task included.
Coding,Software Engineer,0.25,Submit Handler (fix): aud not found issue fixed,fail,Description lacks links or references related to the task.,fail,Description lacks context and does not include links or references.,fail,Description lacks context and specific details about the 'aud not found' issue.,pass,Complete description.,fail,No links or references related to the task included.
Coding,Software Engineer,0.25,Submit Handler (fix): aud not found issue fixed,fail,Description lacks links or references related to the task.,fail,Description lacks context and does not include links or references.,fail,Description lacks context and specific details about the 'aud not found' issue.,pass,Complete description.,fail,No links or references related to the task included.
Meeting,QA,0.5,KPP Weekly - Weekly meeting with KPP team to discuss team's progress on the ongoing tasks,fail,No links or references related to the task.,fail,Description lacks links or references related to the task.,pass,Complete description.,fail,Description lacks context and does not provide details about the progress or outcomes of the meeting.,fail,Description does not include any links or references.
Meeting,QA,0.5,KPP Weekly - Weekly meeting with KPP team to discuss team's progress on the ongoing tasks,fail,No links or references related to the task.,fail,Description lacks links or references related to the task.,pass,Complete description.,fail,Description lacks context and does not provide details about the progress or outcomes of the meeting.,fail,Description does not include any links or references.
Meeting,QA,0.5,KPP Weekly - Weekly meeting with KPP team to discuss team's progress on the ongoing tasks,fail,No links or references related to the task.,fail,Description lacks links or references related to the task.,pass,Complete description.,fail,Description lacks context and does not provide details about the progress or outcomes of the meeting.,fail,Description does not include any links or references.
Meeting,QA,0.5,KPP Weekly - Weekly meeting with KPP team to discuss team's progress on the ongoing tasks,fail,No links or references related to the task.,fail,Description lacks links or references related to the task.,pass,Complete description.,fail,Description lacks context and does not provide details about the progress or outcomes of the meeting.,fail,Description does not include any links or references.
Meeting,QA,0.5,KPP Weekly - Weekly meeting with KPP team to discuss team's progress on the ongoing tasks,fail,No links or references related to the task.,fail,Description lacks links or references related to the task.,pass,Complete description.,fail,Description lacks context and does not provide details about the progress or outcomes of the meeting.,fail,Description does not include any links or references.
Meeting,Software Engineer,0.58,Attended mobile edX Technical Check In Call,fail,No links or references included.,fail,Description lacks context and references.,pass,Complete description.,pass,Complete description.,fail,Description lacks links or references.
Meeting,Software Engineer,0.58,Attended mobile edX Technical Check In Call,fail,No links or references included.,fail,Description lacks context and references.,pass,Complete description.,pass,Complete description.,fail,Description lacks links or references.
Meeting,Software Engineer,0.58,Attended mobile edX Technical Check In Call,fail,No links or references included.,fail,Description lacks context and references.,pass,Complete description.,pass,Complete description.,fail,Description lacks links or references.
Meeting,Software Engineer,0.58,Attended mobile edX Technical Check In Call,fail,No links or references included.,fail,Description lacks context and references.,pass,Complete description.,pass,Complete description.,fail,Description lacks links or references.
Meeting,Software Engineer,0.58,Attended mobile edX Technical Check In Call,fail,No links or references included.,fail,Description lacks context and references.,pass,Complete description.,pass,Complete description.,fail,Description lacks links or references.
Documentation,QA,2.0,Tooltips text documentation created after discussion with sarmad: https://arbisoft.atlassian.net/browse/FA-2930,pass,Complete description.,pass,Complete description.,pass,Complete description.,pass,Complete description.,pass,Complete description.
Documentation,QA,2.0,Tooltips text documentation created after discussion with sarmad: https://arbisoft.atlassian.net/browse/FA-2930,pass,Complete description.,pass,Complete description.,pass,Complete description.,pass,Complete description.,pass,Complete description.
Documentation,QA,2.0,Tooltips text documentation created after discussion with sarmad: https://arbisoft.atlassian.net/browse/FA-2930,pass,Complete description.,pass,Complete description.,pass,Complete description.,pass,Complete description.,pass,Complete description.
Documentation,QA,2.0,Tooltips text documentation created after discussion with sarmad: https://arbisoft.atlassian.net/browse/FA-2930,pass,Complete description.,pass,Complete description.,pass,Complete description.,pass,Complete description.,pass,Complete description.
Documentation,QA,2.0,Tooltips text documentation created after discussion with sarmad: https://arbisoft.atlassian.net/browse/FA-2930,pass,Complete description.,pass,Complete description.,pass,Complete description.,pass,Complete description.,pass,Complete description.
Account Management,Key Account Management,1.5,"Kayak - Hubspot updates, Arbisoft capabilities pdf",fail,Description lacks context and references.,fail,Task description lacks context and references.,fail,Description lacks details and context about the tasks 'Kayak - Hubspot updates' and 'Arbisoft capabilities pdf'.,fail,Description lacks context and doesn't provide clear details about the task.,fail,"Description is not clear, lacks context and does not include any links or references related to the task."
Account Management,Key Account Management,1.5,"Kayak - Hubspot updates, Arbisoft capabilities pdf",fail,Description lacks context and references.,fail,Task description lacks context and references.,fail,Description lacks details and context about the tasks 'Kayak - Hubspot updates' and 'Arbisoft capabilities pdf'.,fail,Description lacks context and doesn't provide clear details about the task.,fail,"Description is not clear, lacks context and does not include any links or references related to the task."
Account Management,Key Account Management,1.5,"Kayak - Hubspot updates, Arbisoft capabilities pdf",fail,Description lacks context and references.,fail,Task description lacks context and references.,fail,Description lacks details and context about the tasks 'Kayak - Hubspot updates' and 'Arbisoft capabilities pdf'.,fail,Description lacks context and doesn't provide clear details about the task.,fail,"Description is not clear, lacks context and does not include any links or references related to the task."
Account Management,Key Account Management,1.5,"Kayak - Hubspot updates, Arbisoft capabilities pdf",fail,Description lacks context and references.,fail,Task description lacks context and references.,fail,Description lacks details and context about the tasks 'Kayak - Hubspot updates' and 'Arbisoft capabilities pdf'.,fail,Description lacks context and doesn't provide clear details about the task.,fail,"Description is not clear, lacks context and does not include any links or references related to the task."
Account Management,Key Account Management,1.5,"Kayak - Hubspot updates, Arbisoft capabilities pdf",fail,Description lacks context and references.,fail,Task description lacks context and references.,fail,Description lacks details and context about the tasks 'Kayak - Hubspot updates' and 'Arbisoft capabilities pdf'.,fail,Description lacks context and doesn't provide clear details about the task.,fail,"Description is not clear, lacks context and does not include any links or references related to the task."
Coding,Software Engineer,3.0,POC for program search and add to cart,fail,Description lacks context and references.,fail,Description lacks context and references.,pass,Complete description.,fail,Description lacks clear context and does not mention the POC for program search and add to cart.,fail,Description lacks context and related links or references.
Coding,Software Engineer,3.0,POC for program search and add to cart,fail,Description lacks context and references.,fail,Description lacks context and references.,pass,Complete description.,fail,Description lacks clear context and does not mention the POC for program search and add to cart.,fail,Description lacks context and related links or references.
Coding,Software Engineer,3.0,POC for program search and add to cart,fail,Description lacks context and references.,fail,Description lacks context and references.,pass,Complete description.,fail,Description lacks clear context and does not mention the POC for program search and add to cart.,fail,Description lacks context and related links or references.
Coding,Software Engineer,3.0,POC for program search and add to cart,fail,Description lacks context and references.,fail,Description lacks context and references.,pass,Complete description.,fail,Description lacks clear context and does not mention the POC for program search and add to cart.,fail,Description lacks context and related links or references.
Coding,Software Engineer,3.0,POC for program search and add to cart,fail,Description lacks context and references.,fail,Description lacks context and references.,pass,Complete description.,fail,Description lacks clear context and does not mention the POC for program search and add to cart.,fail,Description lacks context and related links or references.
Coding,Software Engineer,1.5,Looked into the sftp configs and updated those in AWS,fail,Task lacks links or references related.,fail,Lacks links or references related to the task.,pass,Complete description.,pass,Complete description.,fail,No links or references included in the task.
Coding,Software Engineer,1.5,Looked into the sftp configs and updated those in AWS,fail,Task lacks links or references related.,fail,Lacks links or references related to the task.,pass,Complete description.,pass,Complete description.,fail,No links or references included in the task.
Coding,Software Engineer,1.5,Looked into the sftp configs and updated those in AWS,fail,Task lacks links or references related.,fail,Lacks links or references related to the task.,pass,Complete description.,pass,Complete description.,fail,No links or references included in the task.
Coding,Software Engineer,1.5,Looked into the sftp configs and updated those in AWS,fail,Task lacks links or references related.,fail,Lacks links or references related to the task.,pass,Complete description.,pass,Complete description.,fail,No links or references included in the task.
Coding,Software Engineer,1.5,Looked into the sftp configs and updated those in AWS,fail,Task lacks links or references related.,fail,Lacks links or references related to the task.,pass,Complete description.,pass,Complete description.,fail,No links or references included in the task.
Meeting,Software Engineer,1.0,Communication Program - Snowtown Level 1,fail,Description lacks detailed context and references.,fail,Description lacks context and references.,pass,Complete description.,fail,Description lacks clear context and details about the Communication Program - Snowtown Level 1.,fail,Description lacks links or references related to the task.
Meeting,Software Engineer,1.0,Communication Program - Snowtown Level 1,fail,Description lacks detailed context and references.,fail,Description lacks context and references.,pass,Complete description.,fail,Description lacks clear context and details about the Communication Program - Snowtown Level 1.,fail,Description lacks links or references related to the task.
Meeting,Software Engineer,1.0,Communication Program - Snowtown Level 1,fail,Description lacks detailed context and references.,fail,Description lacks context and references.,pass,Complete description.,fail,Description lacks clear context and details about the Communication Program - Snowtown Level 1.,fail,Description lacks links or references related to the task.
Meeting,Software Engineer,1.0,Communication Program - Snowtown Level 1,fail,Description lacks detailed context and references.,fail,Description lacks context and references.,pass,Complete description.,fail,Description lacks clear context and details about the Communication Program - Snowtown Level 1.,fail,Description lacks links or references related to the task.
Meeting,Software Engineer,1.0,Communication Program - Snowtown Level 1,fail,Description lacks detailed context and references.,fail,Description lacks context and references.,pass,Complete description.,fail,Description lacks clear context and details about the Communication Program - Snowtown Level 1.,fail,Description lacks links or references related to the task.
Standup,Software Engineer,0.5,"Worked On: People Partner is unable to publish external/client form due to missing Self Review for External Form
Working On:   Add pitched and primary checkbox showing on admin side and in exportable sheets",fail,No links or references related to the task.,fail,Description lacks links or references.,pass,Complete description.,pass,Complete description.,fail,No links or references related to the task.
Standup,Software Engineer,0.5,"Worked On: People Partner is unable to publish external/client form due to missing Self Review for External Form
Working On:   Add pitched and primary checkbox showing on admin side and in exportable sheets",fail,No links or references related to the task.,fail,Description lacks links or references.,pass,Complete description.,pass,Complete description.,fail,No links or references related to the task.
Standup,Software Engineer,0.5,"Worked On: People Partner is unable to publish external/client form due to missing Self Review for External Form
Working On:   Add pitched and primary checkbox showing on admin side and in exportable sheets",fail,No links or references related to the task.,fail,Description lacks links or references.,pass,Complete description.,pass,Complete description.,fail,No links or references related to the task.
Standup,Software Engineer,0.5,"Worked On: People Partner is unable to publish external/client form due to missing Self Review for External Form
Working On:   Add pitched and primary checkbox showing on admin side and in exportable sheets",fail,No links or references related to the task.,fail,Description lacks links or references.,pass,Complete description.,pass,Complete description.,fail,No links or references related to the task.
Standup,Software Engineer,0.5,"Worked On: People Partner is unable to publish external/client form due to missing Self Review for External Form
Working On:   Add pitched and primary checkbox showing on admin side and in exportable sheets",fail,No links or references related to the task.,fail,Description lacks links or references.,pass,Complete description.,pass,Complete description.,fail,No links or references related to the task.
Technical Support,Dev Ops,0.83,Data aggregation using shell commands for POD against given emails (Huddle with Shehram Tahir),fail,No links or references included in the description.,fail,Missing links or references related to the task.,pass,Complete description.,fail,Description lacks clear context and references for data aggregation using shell commands.,fail,No links or references related to the task.
Technical Support,Dev Ops,0.83,Data aggregation using shell commands for POD against given emails (Huddle with Shehram Tahir),fail,No links or references included in the description.,fail,Missing links or references related to the task.,pass,Complete description.,fail,Description lacks clear context and references for data aggregation using shell commands.,fail,No links or references related to the task.
Technical Support,Dev Ops,0.83,Data aggregation using shell commands for POD against given emails (Huddle with Shehram Tahir),fail,No links or references included in the description.,fail,Missing links or references related to the task.,pass,Complete description.,fail,Description lacks clear context and references for data aggregation using shell commands.,fail,No links or references related to the task.
Technical Support,Dev Ops,0.83,Data aggregation using shell commands for POD against given emails (Huddle with Shehram Tahir),fail,No links or references included in the description.,fail,Missing links or references related to the task.,pass,Complete description.,fail,Description lacks clear context and references for data aggregation using shell commands.,fail,No links or references related to the task.
Technical Support,Dev Ops,0.83,Data aggregation using shell commands for POD against given emails (Huddle with Shehram Tahir),fail,No links or references included in the description.,fail,Missing links or references related to the task.,pass,Complete description.,fail,Description lacks clear context and references for data aggregation using shell commands.,fail,No links or references related to the task.
Meeting,Software Engineer,1.0,Internal E2E Test Scheduling Strategy Discussion,fail,No links or references provided.,fail,Lacks context and references or links.,pass,Complete description.,fail,Description lacks context and specific details about the discussion or any related links.,fail,No links or references included.
Meeting,Software Engineer,1.0,Internal E2E Test Scheduling Strategy Discussion,fail,No links or references provided.,fail,Lacks context and references or links.,pass,Complete description.,fail,Description lacks context and specific details about the discussion or any related links.,fail,No links or references included.
Meeting,Software Engineer,1.0,Internal E2E Test Scheduling Strategy Discussion,fail,No links or references provided.,fail,Lacks context and references or links.,pass,Complete description.,fail,Description lacks context and specific details about the discussion or any related links.,fail,No links or references included.
Meeting,Software Engineer,1.0,Internal E2E Test Scheduling Strategy Discussion,fail,No links or references provided.,fail,Lacks context and references or links.,pass,Complete description.,fail,Description lacks context and specific details about the discussion or any related links.,fail,No links or references included.
Meeting,Software Engineer,1.0,Internal E2E Test Scheduling Strategy Discussion,fail,No links or references provided.,fail,Lacks context and references or links.,pass,Complete description.,fail,Description lacks context and specific details about the discussion or any related links.,fail,No links or references included.
Audit/Compliance,QA,3.0,"Audited Main quote list page for accessibility and functionality. Identified and documented all issues in the designated Google Sheet. Captured relevant screenshots and screen recordings as evidence, which were organized and uploaded to Google Drive for reference.",fail,No links or references included in the description.,fail,Description lacks links or references related to the task.,pass,Complete description.,pass,Complete description.,fail,No links or references included in the task.
Audit/Compliance,QA,3.0,"Audited Main quote list page for accessibility and functionality. Identified and documented all issues in the designated Google Sheet. Captured relevant screenshots and screen recordings as evidence, which were organized and uploaded to Google Drive for reference.",fail,No links or references included in the description.,fail,Description lacks links or references related to the task.,pass,Complete description.,pass,Complete description.,fail,No links or references included in the task.
Audit/Compliance,QA,3.0,"Audited Main quote list page for accessibility and functionality. Identified and documented all issues in the designated Google Sheet. Captured relevant screenshots and screen recordings as evidence, which were organized and uploaded to Google Drive for reference.",fail,No links or references included in the description.,fail,Description lacks links or references related to the task.,pass,Complete description.,pass,Complete description.,fail,No links or references included in the task.
Audit/Compliance,QA,3.0,"Audited Main quote list page for accessibility and functionality. Identified and documented all issues in the designated Google Sheet. Captured relevant screenshots and screen recordings as evidence, which were organized and uploaded to Google Drive for reference.",fail,No links or references included in the description.,fail,Description lacks links or references related to the task.,pass,Complete description.,pass,Complete description.,fail,No links or references included in the task.
Audit/Compliance,QA,3.0,"Audited Main quote list page for accessibility and functionality. Identified and documented all issues in the designated Google Sheet. Captured relevant screenshots and screen recordings as evidence, which were organized and uploaded to Google Drive for reference.",fail,No links or references included in the description.,fail,Description lacks links or references related to the task.,pass,Complete description.,pass,Complete description.,fail,No links or references included in the task.
Testing,Project Management,1.25,RRP - Docker setup and project setup / Testing Team Champ reward,fail,Description lacks links or references related to the task.,fail,Description lacks links or references related to the task.,fail,"Description lacks details and context about Docker setup, project setup, and Testing Team Champ reward.",fail,Lacks context and specific details about the Docker setup and project setup.,fail,No links or references related to the task.
Testing,Project Management,1.25,RRP - Docker setup and project setup / Testing Team Champ reward,fail,Description lacks links or references related to the task.,fail,Description lacks links or references related to the task.,fail,"Description lacks details and context about Docker setup, project setup, and Testing Team Champ reward.",fail,Lacks context and specific details about the Docker setup and project setup.,fail,No links or references related to the task.
Testing,Project Management,1.25,RRP - Docker setup and project setup / Testing Team Champ reward,fail,Description lacks links or references related to the task.,fail,Description lacks links or references related to the task.,fail,"Description lacks details and context about Docker setup, project setup, and Testing Team Champ reward.",fail,Lacks context and specific details about the Docker setup and project setup.,fail,No links or references related to the task.
Testing,Project Management,1.25,RRP - Docker setup and project setup / Testing Team Champ reward,fail,Description lacks links or references related to the task.,fail,Description lacks links or references related to the task.,fail,"Description lacks details and context about Docker setup, project setup, and Testing Team Champ reward.",fail,Lacks context and specific details about the Docker setup and project setup.,fail,No links or references related to the task.
Testing,Project Management,1.25,RRP - Docker setup and project setup / Testing Team Champ reward,fail,Description lacks links or references related to the task.,fail,Description lacks links or references related to the task.,fail,"Description lacks details and context about Docker setup, project setup, and Testing Team Champ reward.",fail,Lacks context and specific details about the Docker setup and project setup.,fail,No links or references related to the task.
Technical Support,IT,2.0,"Overseeing slack and emails for support, Logs filling, tickets closing.",fail,No links or references provided in the task.,fail,Lacks links or references related to the task.,fail,"Description lacks clarity and specific details such as who is overseeing, what type of support, and ticket system used.",fail,"Description lacks clarity and context. It does not include relevant details or links related to overseeing slack, emails, logs, and tickets.",fail,No links or references related to the task.
Technical Support,IT,2.0,"Overseeing slack and emails for support, Logs filling, tickets closing.",fail,No links or references provided in the task.,fail,Lacks links or references related to the task.,fail,"Description lacks clarity and specific details such as who is overseeing, what type of support, and ticket system used.",fail,"Description lacks clarity and context. It does not include relevant details or links related to overseeing slack, emails, logs, and tickets.",fail,No links or references related to the task.
Technical Support,IT,2.0,"Overseeing slack and emails for support, Logs filling, tickets closing.",fail,No links or references provided in the task.,fail,Lacks links or references related to the task.,fail,"Description lacks clarity and specific details such as who is overseeing, what type of support, and ticket system used.",fail,"Description lacks clarity and context. It does not include relevant details or links related to overseeing slack, emails, logs, and tickets.",fail,No links or references related to the task.
Technical Support,IT,2.0,"Overseeing slack and emails for support, Logs filling, tickets closing.",fail,No links or references provided in the task.,fail,Lacks links or references related to the task.,fail,"Description lacks clarity and specific details such as who is overseeing, what type of support, and ticket system used.",fail,"Description lacks clarity and context. It does not include relevant details or links related to overseeing slack, emails, logs, and tickets.",fail,No links or references related to the task.
Technical Support,IT,2.0,"Overseeing slack and emails for support, Logs filling, tickets closing.",fail,No links or references provided in the task.,fail,Lacks links or references related to the task.,fail,"Description lacks clarity and specific details such as who is overseeing, what type of support, and ticket system used.",fail,"Description lacks clarity and context. It does not include relevant details or links related to overseeing slack, emails, logs, and tickets.",fail,No links or references related to the task.
Documentation,QA,0.75,"Documentation on Homepage remaining modules
- MY Reminder 
- POD Reminders
-Add a Note
- Edit a Note
- Delete a Note",fail,No links or references related to the task.,fail,Lacks links or references.,fail,"Description lacks clarity and context, missing details and references to the modules.",pass,Complete description.,fail,No links or references included.
Documentation,QA,0.75,"Documentation on Homepage remaining modules
- MY Reminder 
- POD Reminders
-Add a Note
- Edit a Note
- Delete a Note",fail,No links or references related to the task.,fail,Lacks links or references.,fail,"Description lacks clarity and context, missing details and references to the modules.",pass,Complete description.,fail,No links or references included.
Documentation,QA,0.75,"Documentation on Homepage remaining modules
- MY Reminder 
- POD Reminders
-Add a Note
- Edit a Note
- Delete a Note",fail,No links or references related to the task.,fail,Lacks links or references.,fail,"Description lacks clarity and context, missing details and references to the modules.",pass,Complete description.,fail,No links or references included.
Documentation,QA,0.75,"Documentation on Homepage remaining modules
- MY Reminder 
- POD Reminders
-Add a Note
- Edit a Note
- Delete a Note",fail,No links or references related to the task.,fail,Lacks links or references.,fail,"Description lacks clarity and context, missing details and references to the modules.",pass,Complete description.,fail,No links or references included.
Documentation,QA,0.75,"Documentation on Homepage remaining modules
- MY Reminder 
- POD Reminders
-Add a Note
- Edit a Note
- Delete a Note",fail,No links or references related to the task.,fail,Lacks links or references.,fail,"Description lacks clarity and context, missing details and references to the modules.",pass,Complete description.,fail,No links or references included.
Check-in,People Partner,0.5,Check In - Dawood (Maiden Century),fail,Description lacks context and references.,fail,Description lacks context and references.,fail,"Description lacks clarity and context, missing relevant details or links.",fail,Task description lacks context and does not include relevant links or references.,fail,Description lacks context and does not include any links or references.
Check-in,People Partner,0.5,Check In - Dawood (Maiden Century),fail,Description lacks context and references.,fail,Description lacks context and references.,fail,"Description lacks clarity and context, missing relevant details or links.",fail,Task description lacks context and does not include relevant links or references.,fail,Description lacks context and does not include any links or references.
Check-in,People Partner,0.5,Check In - Dawood (Maiden Century),fail,Description lacks context and references.,fail,Description lacks context and references.,fail,"Description lacks clarity and context, missing relevant details or links.",fail,Task description lacks context and does not include relevant links or references.,fail,Description lacks context and does not include any links or references.
Check-in,People Partner,0.5,Check In - Dawood (Maiden Century),fail,Description lacks context and references.,fail,Description lacks context and references.,fail,"Description lacks clarity and context, missing relevant details or links.",fail,Task description lacks context and does not include relevant links or references.,fail,Description lacks context and does not include any links or references.
Check-in,People Partner,0.5,Check In - Dawood (Maiden Century),fail,Description lacks context and references.,fail,Description lacks context and references.,fail,"Description lacks clarity and context, missing relevant details or links.",fail,Task description lacks context and does not include relevant links or references.,fail,Description lacks context and does not include any links or references.
Marketing Campaigns,Growth Marketing - Social Media,1.0,Wrote SMP content For Arbisoft tiktok,fail,No links or references included in the description.,fail,Description lacks context and references.,fail,Lacks context and specific details about the SMP content created for Arbisoft TikTok.,fail,Description lacks context and specific details about the SMP content for Arbisoft TikTok.,fail,Description lacks links or references related to the task.
Marketing Campaigns,Growth Marketing - Social Media,1.0,Wrote SMP content For Arbisoft tiktok,fail,No links or references included in the description.,fail,Description lacks context and references.,fail,Lacks context and specific details about the SMP content created for Arbisoft TikTok.,fail,Description lacks context and specific details about the SMP content for Arbisoft TikTok.,fail,Description lacks links or references related to the task.
Marketing Campaigns,Growth Marketing - Social Media,1.0,Wrote SMP content For Arbisoft tiktok,fail,No links or references included in the description.,fail,Description lacks context and references.,fail,Lacks context and specific details about the SMP content created for Arbisoft TikTok.,fail,Description lacks context and specific details about the SMP content for Arbisoft TikTok.,fail,Description lacks links or references related to the task.
Marketing Campaigns,Growth Marketing - Social Media,1.0,Wrote SMP content For Arbisoft tiktok,fail,No links or references included in the description.,fail,Description lacks context and references.,fail,Lacks context and specific details about the SMP content created for Arbisoft TikTok.,fail,Description lacks context and specific details about the SMP content for Arbisoft TikTok.,fail,Description lacks links or references related to the task.
Marketing Campaigns,Growth Marketing - Social Media,1.0,Wrote SMP content For Arbisoft tiktok,fail,No links or references included in the description.,fail,Description lacks context and references.,fail,Lacks context and specific details about the SMP content created for Arbisoft TikTok.,fail,Description lacks context and specific details about the SMP content for Arbisoft TikTok.,fail,Description lacks links or references related to the task.
Meeting,UI/UX,1.0,Foundations of UX – DFP Class 1,fail,Description lacks context and does not include any links or references.,fail,Description lacks context and references or links.,pass,Complete description.,pass,Complete description.,fail,Description lacks links or references related to the task.
Meeting,UI/UX,1.0,Foundations of UX – DFP Class 1,fail,Description lacks context and does not include any links or references.,fail,Description lacks context and references or links.,pass,Complete description.,pass,Complete description.,fail,Description lacks links or references related to the task.
Meeting,UI/UX,1.0,Foundations of UX – DFP Class 1,fail,Description lacks context and does not include any links or references.,fail,Description lacks context and references or links.,pass,Complete description.,pass,Complete description.,fail,Description lacks links or references related to the task.
Meeting,UI/UX,1.0,Foundations of UX – DFP Class 1,fail,Description lacks context and does not include any links or references.,fail,Description lacks context and references or links.,pass,Complete description.,pass,Complete description.,fail,Description lacks links or references related to the task.
Meeting,UI/UX,1.0,Foundations of UX – DFP Class 1,fail,Description lacks context and does not include any links or references.,fail,Description lacks context and references or links.,pass,Complete description.,pass,Complete description.,fail,Description lacks links or references related to the task.
Debugging,Software Engineer,3.0,Fixing and testing of issues arised due to merging of other code with best times,fail,No links or references related to the task.,fail,Description lacks links or references related to the task.,fail,"Description lacks clarity on specific issues, merging details, and testing outcomes.",fail,Description lacks context and doesn't include specific details or references related to the task.,fail,No links or references included in the description.
Debugging,Software Engineer,3.0,Fixing and testing of issues arised due to merging of other code with best times,fail,No links or references related to the task.,fail,Description lacks links or references related to the task.,fail,"Description lacks clarity on specific issues, merging details, and testing outcomes.",fail,Description lacks context and doesn't include specific details or references related to the task.,fail,No links or references included in the description.
Debugging,Software Engineer,3.0,Fixing and testing of issues arised due to merging of other code with best times,fail,No links or references related to the task.,fail,Description lacks links or references related to the task.,fail,"Description lacks clarity on specific issues, merging details, and testing outcomes.",fail,Description lacks context and doesn't include specific details or references related to the task.,fail,No links or references included in the description.
Debugging,Software Engineer,3.0,Fixing and testing of issues arised due to merging of other code with best times,fail,No links or references related to the task.,fail,Description lacks links or references related to the task.,fail,"Description lacks clarity on specific issues, merging details, and testing outcomes.",fail,Description lacks context and doesn't include specific details or references related to the task.,fail,No links or references included in the description.
Debugging,Software Engineer,3.0,Fixing and testing of issues arised due to merging of other code with best times,fail,No links or references related to the task.,fail,Description lacks links or references related to the task.,fail,"Description lacks clarity on specific issues, merging details, and testing outcomes.",fail,Description lacks context and doesn't include specific details or references related to the task.,fail,No links or references included in the description.
Coding,Software Engineer,2.5,"Zainab reported an issue on video module comments, resolve the issue and add it in PR. verify it on Dev server as well",fail,No links or references provided related to the task.,fail,Lacks links or references related to the task.,fail,"Lacks specificity and details about the issue, resolution, and verification process.",pass,Complete description.,fail,Task description lacks links or references related to the task.
Coding,Software Engineer,2.5,"Zainab reported an issue on video module comments, resolve the issue and add it in PR. verify it on Dev server as well",fail,No links or references provided related to the task.,fail,Lacks links or references related to the task.,fail,"Lacks specificity and details about the issue, resolution, and verification process.",pass,Complete description.,fail,Task description lacks links or references related to the task.
Coding,Software Engineer,2.5,"Zainab reported an issue on video module comments, resolve the issue and add it in PR. verify it on Dev server as well",fail,No links or references provided related to the task.,fail,Lacks links or references related to the task.,fail,"Lacks specificity and details about the issue, resolution, and verification process.",pass,Complete description.,fail,Task description lacks links or references related to the task.
Coding,Software Engineer,2.5,"Zainab reported an issue on video module comments, resolve the issue and add it in PR. verify it on Dev server as well",fail,No links or references provided related to the task.,fail,Lacks links or references related to the task.,fail,"Lacks specificity and details about the issue, resolution, and verification process.",pass,Complete description.,fail,Task description lacks links or references related to the task.
Coding,Software Engineer,2.5,"Zainab reported an issue on video module comments, resolve the issue and add it in PR. verify it on Dev server as well",fail,No links or references provided related to the task.,fail,Lacks links or references related to the task.,fail,"Lacks specificity and details about the issue, resolution, and verification process.",pass,Complete description.,fail,Task description lacks links or references related to the task.
Coding,Software Engineer,0.42,"PR changes - calendly - TXT-467 
PR changes - Past meeting screen revamp backend minor change",fail,No links or references included in the description.,fail,Description lacks links or references related to the task.,fail,"Lacks details and context, missing clarity on changes made to Calendly and Past Meeting Screen.",fail,Description lacks context and specific details about the PR changes and the related tasks.,fail,No links or references included in the description.
Coding,Software Engineer,0.42,"PR changes - calendly - TXT-467 
PR changes - Past meeting screen revamp backend minor change",fail,No links or references included in the description.,fail,Description lacks links or references related to the task.,fail,"Lacks details and context, missing clarity on changes made to Calendly and Past Meeting Screen.",fail,Description lacks context and specific details about the PR changes and the related tasks.,fail,No links or references included in the description.
Coding,Software Engineer,0.42,"PR changes - calendly - TXT-467 
PR changes - Past meeting screen revamp backend minor change",fail,No links or references included in the description.,fail,Description lacks links or references related to the task.,fail,"Lacks details and context, missing clarity on changes made to Calendly and Past Meeting Screen.",fail,Description lacks context and specific details about the PR changes and the related tasks.,fail,No links or references included in the description.
Coding,Software Engineer,0.42,"PR changes - calendly - TXT-467 
PR changes - Past meeting screen revamp backend minor change",fail,No links or references included in the description.,fail,Description lacks links or references related to the task.,fail,"Lacks details and context, missing clarity on changes made to Calendly and Past Meeting Screen.",fail,Description lacks context and specific details about the PR changes and the related tasks.,fail,No links or references included in the description.
Coding,Software Engineer,0.42,"PR changes - calendly - TXT-467 
PR changes - Past meeting screen revamp backend minor change",fail,No links or references included in the description.,fail,Description lacks links or references related to the task.,fail,"Lacks details and context, missing clarity on changes made to Calendly and Past Meeting Screen.",fail,Description lacks context and specific details about the PR changes and the related tasks.,fail,No links or references included in the description.
Debugging,Software Engineer,1.5,"coach: Fixed proxy issue and  working on pdp rewrite, now detail request is changed to api and colors are getting in same request",fail,No links or references related to the task.,fail,Lacks links or references related to the task.,pass,Complete description.,pass,Complete description.,fail,No links or references related to the task are included.
Debugging,Software Engineer,1.5,"coach: Fixed proxy issue and  working on pdp rewrite, now detail request is changed to api and colors are getting in same request",fail,No links or references related to the task.,fail,Lacks links or references related to the task.,pass,Complete description.,pass,Complete description.,fail,No links or references related to the task are included.
Debugging,Software Engineer,1.5,"coach: Fixed proxy issue and  working on pdp rewrite, now detail request is changed to api and colors are getting in same request",fail,No links or references related to the task.,fail,Lacks links or references related to the task.,pass,Complete description.,pass,Complete description.,fail,No links or references related to the task are included.
Debugging,Software Engineer,1.5,"coach: Fixed proxy issue and  working on pdp rewrite, now detail request is changed to api and colors are getting in same request",fail,No links or references related to the task.,fail,Lacks links or references related to the task.,pass,Complete description.,pass,Complete description.,fail,No links or references related to the task are included.
Debugging,Software Engineer,1.5,"coach: Fixed proxy issue and  working on pdp rewrite, now detail request is changed to api and colors are getting in same request",fail,No links or references related to the task.,fail,Lacks links or references related to the task.,pass,Complete description.,pass,Complete description.,fail,No links or references related to the task are included.
Standup,Software Engineer,2.0,Sprint planning and review new sprint tasks,fail,Description lacks links or references related to the task.,fail,Lacks links or references related to the task.,fail,Description lacks details and context about tasks involved.,fail,Description lacks context and specific tasks for sprint planning and review.,fail,No links or references provided.
Standup,Software Engineer,2.0,Sprint planning and review new sprint tasks,fail,Description lacks links or references related to the task.,fail,Lacks links or references related to the task.,fail,Description lacks details and context about tasks involved.,fail,Description lacks context and specific tasks for sprint planning and review.,fail,No links or references provided.
Standup,Software Engineer,2.0,Sprint planning and review new sprint tasks,fail,Description lacks links or references related to the task.,fail,Lacks links or references related to the task.,fail,Description lacks details and context about tasks involved.,fail,Description lacks context and specific tasks for sprint planning and review.,fail,No links or references provided.
Standup,Software Engineer,2.0,Sprint planning and review new sprint tasks,fail,Description lacks links or references related to the task.,fail,Lacks links or references related to the task.,fail,Description lacks details and context about tasks involved.,fail,Description lacks context and specific tasks for sprint planning and review.,fail,No links or references provided.
Standup,Software Engineer,2.0,Sprint planning and review new sprint tasks,fail,Description lacks links or references related to the task.,fail,Lacks links or references related to the task.,fail,Description lacks details and context about tasks involved.,fail,Description lacks context and specific tasks for sprint planning and review.,fail,No links or references provided.
Coding,Software Engineer,0.25,Fix padding on close icon in filters drawer #7175,fail,Missing links or references related to the task.,fail,Description lacks context and references.,pass,Complete description.,pass,Complete description.,fail,No links or references related to the task.
Coding,Software Engineer,0.25,Fix padding on close icon in filters drawer #7175,fail,Missing links or references related to the task.,fail,Description lacks context and references.,pass,Complete description.,pass,Complete description.,fail,No links or references related to the task.
Coding,Software Engineer,0.25,Fix padding on close icon in filters drawer #7175,fail,Missing links or references related to the task.,fail,Description lacks context and references.,pass,Complete description.,pass,Complete description.,fail,No links or references related to the task.
Coding,Software Engineer,0.25,Fix padding on close icon in filters drawer #7175,fail,Missing links or references related to the task.,fail,Description lacks context and references.,pass,Complete description.,pass,Complete description.,fail,No links or references related to the task.
Coding,Software Engineer,0.25,Fix padding on close icon in filters drawer #7175,fail,Missing links or references related to the task.,fail,Description lacks context and references.,pass,Complete description.,pass,Complete description.,fail,No links or references related to the task.
Deployment,Dev Ops,2.0,Updated the domain in the Git repository and built the Jenkins pipelines for the load test environment,fail,No links or references related to the task.,fail,Description lacks links or references related to the task.,pass,Complete description.,pass,Complete description.,fail,No links or references related to the task.
Deployment,Dev Ops,2.0,Updated the domain in the Git repository and built the Jenkins pipelines for the load test environment,fail,No links or references related to the task.,fail,Description lacks links or references related to the task.,pass,Complete description.,pass,Complete description.,fail,No links or references related to the task.
Deployment,Dev Ops,2.0,Updated the domain in the Git repository and built the Jenkins pipelines for the load test environment,fail,No links or references related to the task.,fail,Description lacks links or references related to the task.,pass,Complete description.,pass,Complete description.,fail,No links or references related to the task.
Deployment,Dev Ops,2.0,Updated the domain in the Git repository and built the Jenkins pipelines for the load test environment,fail,No links or references related to the task.,fail,Description lacks links or references related to the task.,pass,Complete description.,pass,Complete description.,fail,No links or references related to the task.
Deployment,Dev Ops,2.0,Updated the domain in the Git repository and built the Jenkins pipelines for the load test environment,fail,No links or references related to the task.,fail,Description lacks links or references related to the task.,pass,Complete description.,pass,Complete description.,fail,No links or references related to the task.
Team Engagement,QA,2.0,Check Kayak Slack channels and emails,fail,No links or references included in the description.,fail,Lacks links or references related to the task.,fail,Description lacks details and does not mention specific actions or outcomes.,fail,Description is too vague and lacks specific details or context.,fail,Description lacks context and references.
Team Engagement,QA,2.0,Check Kayak Slack channels and emails,fail,No links or references included in the description.,fail,Lacks links or references related to the task.,fail,Description lacks details and does not mention specific actions or outcomes.,fail,Description is too vague and lacks specific details or context.,fail,Description lacks context and references.
Team Engagement,QA,2.0,Check Kayak Slack channels and emails,fail,No links or references included in the description.,fail,Lacks links or references related to the task.,fail,Description lacks details and does not mention specific actions or outcomes.,fail,Description is too vague and lacks specific details or context.,fail,Description lacks context and references.
Team Engagement,QA,2.0,Check Kayak Slack channels and emails,fail,No links or references included in the description.,fail,Lacks links or references related to the task.,fail,Description lacks details and does not mention specific actions or outcomes.,fail,Description is too vague and lacks specific details or context.,fail,Description lacks context and references.
Team Engagement,QA,2.0,Check Kayak Slack channels and emails,fail,No links or references included in the description.,fail,Lacks links or references related to the task.,fail,Description lacks details and does not mention specific actions or outcomes.,fail,Description is too vague and lacks specific details or context.,fail,Description lacks context and references.
